model,rounds,criterion,depth,weight,feature,subsample,bootstrap,learning_rate,best_iter_mean,best_iter_max,cv_loss,cv_std,train_loss,train_std,used_time,folds,Xshape,option,
XGBC,400,binary:logistic,10,30,0.5,1,,0.015,399,,0.464538,0.00368584,0.412355,0.000879443,1885.589404,5,"(114321, 108)",[],
XGBC,400,binary:logistic,10,20,0.5,1,,0.015,399,,0.4641334,0.00381835,0.4020746,0.001252689,1546.02054,5,"(114321, 108)",[],
XGBC,400,binary:logistic,10,10,0.5,1,,0.015,399,,0.4630904,0.003722334,0.3850902,0.001350812,1289.544447,5,"(114321, 108)",[],
XGBC,400,binary:logistic,10,5,0.5,1,,0.015,399,,0.4623782,0.003701178,0.3696302,0.001286732,1344.344174,5,"(114321, 108)",[],
XGBC,400,binary:logistic,10,2,0.5,1,,0.015,399,,0.4614902,0.003734417,0.3539686,0.00159589,1392.692993,5,"(114321, 108)",[],
XGBC,400,binary:logistic,10,1,0.5,1,,0.015,399,,0.4610906,0.003735003,0.3454894,0.001577304,1402.887197,5,"(114321, 108)",[],
XGBC,400,binary:logistic,20,30,0.5,1,,0.015,398,,0.4633024,0.003925643,0.3653778,0.000885352,2039.088288,5,"(114321, 108)",[],
XGBC,400,binary:logistic,20,20,0.5,1,,0.015,399,,0.4627206,0.003814811,0.3333756,0.000987196,2192.326612,5,"(114321, 108)",[],
XGBC,400,binary:logistic,20,10,0.5,1,,0.015,398,,0.4619826,0.004226282,0.2695068,0.001436268,2363.500028,5,"(114321, 108)",[],
XGBC,400,binary:logistic,20,5,0.5,1,,0.015,369,,0.4627008,0.004428192,0.2091342,0.001746379,2582.008578,5,"(114321, 108)",[],
XGBC,400,binary:logistic,20,2,0.5,1,,0.015,254,,0.4660572,0.004573589,0.1734746,0.001210628,2780.436062,5,"(114321, 108)",[],
XGBC,400,binary:logistic,20,1,0.5,1,,0.015,214,,0.4691716,0.004897295,0.1560234,0.000861231,2865.536517,5,"(114321, 108)",[],
XGBC,400,binary:logistic,30,30,0.5,1,,0.015,398,,0.4633196,0.003850971,0.354584,0.001001367,2302.786962,5,"(114321, 108)",[],
XGBC,400,binary:logistic,30,20,0.5,1,,0.015,398,,0.4625902,0.003971733,0.3168014,0.001162221,3182.516682,5,"(114321, 108)",[],
XGBC,400,binary:logistic,30,10,0.5,1,,0.015,398,,0.4626434,0.004042536,0.2410034,0.001304665,3927.436773,5,"(114321, 108)",[],
XGBC,400,binary:logistic,30,5,0.5,1,,0.015,300,,0.4642208,0.004498731,0.1956308,0.001166932,4296.918028,5,"(114321, 108)",[],
XGBC,400,binary:logistic,30,2,0.5,1,,0.015,227,,0.4687362,0.004642252,0.1519188,0.000209492,5339.211693,5,"(114321, 108)",[],
XGBC,400,binary:logistic,30,1,0.5,1,,0.015,179,,0.4726768,0.004793476,0.143123,0.000332848,5729.47487,5,"(114321, 108)",[],
XGBC,400,binary:logistic,40,30,0.5,1,,0.015,398,,0.463418,0.003950042,0.350473,0.001045885,3339.075552,5,"(114321, 108)",[],
XGBC,400,binary:logistic,40,20,0.5,1,,0.015,399,,0.4627224,0.003973875,0.3105496,0.000916584,3888.078215,5,"(114321, 108)",[],
XGBC,400,binary:logistic,40,10,0.5,1,,0.015,373,,0.4628446,0.004418837,0.2381838,0.000903085,3722.434248,5,"(114321, 108)",[],
XGBC,400,binary:logistic,40,5,0.5,1,,0.015,289,,0.46496,0.004395577,0.1927924,0.000583039,3912.736296,5,"(114321, 108)",[],
XGBC,400,binary:logistic,40,2,0.5,1,,0.015,222,,0.4690824,0.004575909,0.1499442,0.00028946,5442.759593,5,"(114321, 108)",[],
XGBC,400,binary:logistic,40,1,0.5,1,,0.015,179,,0.473189,0.005087501,0.1391876,0.00026599,3722.897142,5,"(114321, 108)",[],
XGBC,400,binary:logistic,50,30,0.5,1,,0.015,399,,0.463433,0.00406268,0.3482214,0.000989175,2325.970112,5,"(114321, 108)",[],
XGBC,400,binary:logistic,50,20,0.5,1,,0.015,399,,0.462925,0.004092902,0.307393,0.001068644,2572.655269,5,"(114321, 108)",[],
XGBC,400,binary:logistic,50,10,0.5,1,,0.015,361,,0.4631266,0.004117178,0.2388502,0.000561658,4160.338097,5,"(114321, 108)",[],
XGBC,400,binary:logistic,50,5,0.5,1,,0.015,288,,0.4650594,0.0043547,0.1912754,0.000412447,5045.650361,5,"(114321, 108)",[],
XGBC,400,binary:logistic,50,2,0.5,1,,0.015,226,,0.4694002,0.004871135,0.1468096,0.000189083,5758.147848,5,"(114321, 108)",[],
XGBC,400,binary:logistic,50,1,0.5,1,,0.015,179,,0.4730844,0.004970686,0.13872,0.000351852,4959.211879,5,"(114321, 108)",[],
XGBC,400,binary:logistic,60,30,0.5,1,,0.015,399,,0.4634466,0.004091026,0.3473386,0.000838836,3248.546303,5,"(114321, 108)",[],
XGBC,400,binary:logistic,60,20,0.5,1,,0.015,398,,0.462727,0.004021274,0.3061114,0.000618913,2724.095884,5,"(114321, 108)",[],
XGBC,400,binary:logistic,60,10,0.5,1,,0.015,363,,0.4631738,0.004369821,0.2364454,0.000377989,3109.856458,5,"(114321, 108)",[],
XGBC,400,binary:logistic,60,5,0.5,1,,0.015,273,,0.4651494,0.004074899,0.1977366,0.000365266,3405.9911,5,"(114321, 108)",[],
XGBC,400,binary:logistic,60,2,0.5,1,,0.015,218,,0.4693808,0.004875119,0.1514568,0.000307638,3604.527963,5,"(114321, 108)",[],
XGBC,400,binary:logistic,60,1,0.5,1,,0.015,179,,0.4733366,0.005115611,0.1386518,0.000345324,5037.48087,5,"(114321, 109)",[],
XGBC,1000,binary:logistic,10,2,0.5,0.85,,0.015,826,,0.460140648,0.001618508,0.323511758,0.007688015,2114.316278,5,"(114321, 108)",[],
XGBC,1000,binary:logistic,10,2,0.5,0.85,,0.015,617,,0.460413833,0.001070882,0.322235052,0.010048717,3991.2589,5,"(114321, 108)",[],
XGBC,1500,binary:logistic,10,2,0.5,0.85,,0.01,1024.2,1138,0.460364668,0.001643447,0.32844543,0.006048594,3923.565972,5,"(114321, 108)",[],
XGBC,1500,binary:logistic,10,5,0.5,0.85,,0.01,1087,1285,0.46098,0.001559216,0.34581643,0.00569363,2719.791145,5,"(114321, 108)",[],
XGBC,1500,binary:logistic,10,10,0.5,0.85,,0.01,1192.8,1488,0.461823202,0.001607246,0.361328901,0.006939229,3177.116169,5,"(114321, 108)",[],
XGBC,1500,binary:logistic,20,10,0.5,0.85,,0.01,752.8,855,0.461464742,0.001742002,0.271433898,0.007692493,5057.319825,5,"(114321, 108)",[],
XGBC,1500,binary:logistic,10,2,0.5,0.85,,0.01,1085.6,1330,0.459883077,0.001329876,0.323844793,0.00650899,3301.546516,5,"(114321, 108)",[],
XGBC,1500,binary:logistic,10,5,0.5,0.85,,0.01,1240.2,1478,0.460442527,0.001190743,0.337503541,0.008415797,3142.570808,5,"(114321, 108)",[],
XGBC,1500,binary:logistic,10,10,0.5,0.85,,0.01,1205.4,1492,0.461214308,0.001229761,0.360114508,0.006343065,2641.69679,5,"(114321, 108)",[],
XGBC,1500,binary:logistic,20,10,0.5,0.85,,0.01,730,832,0.461424054,0.001763576,0.276131031,0.011153002,3145.957435,5,"(114321, 108)",[],
XGBC,1500,binary:logistic,20,20,0.5,0.85,,0.01,866.4,904,0.46174234,0.001349746,0.325599412,0.003152213,3291.505125,5,"(114321, 108)",[],
XGBC,1500,binary:logistic,10,2,0.5,0.85,,0.01,996.8,1193,0.460642512,0.001386166,0.330798154,0.007150187,3719.844267,5,"(114321, 108)",[],
XGBC,1500,binary:logistic,10,5,0.5,0.85,,0.01,1085.2,1189,0.46126,0.00124946,0.346468859,0.004088255,3738.847839,5,"(114321, 108)",[],
XGBC,1500,binary:logistic,10,10,0.5,0.85,,0.01,1185.2,1378,0.462038761,0.001005252,0.362067779,0.007529956,3885.848841,5,"(114321, 108)",[],
XGBC,1500,binary:logistic,10,2,0.5,0.85,,0.01,1030.2,1138,0.459987948,0.001614632,0.331997559,0.004636706,4100.812919,5,"(114321, 108)",[],
XGBC,1500,binary:logistic,10,5,0.5,0.85,,0.01,1288,1498,0.46067,0.001550284,0.339160341,0.010956632,4668.692745,5,"(114321, 108)",[],
RFC,100,gini,10,30,0.5,1,TRUE,,,,0.470431771,0.001051399,,,1060.613566,5,"(114321, 108)",[],
RFC,100,gini,10,20,0.5,1,TRUE,,,,0.470559076,0.001017706,,,1091.408061,5,"(114321, 108)",[],
RFC,100,gini,10,10,0.5,1,TRUE,,,,0.470484911,0.00110715,,,1015.510558,5,"(114321, 108)",[],
RFC,100,gini,10,5,0.5,1,TRUE,,,,0.470507258,0.001175094,,,978.14238,5,"(114321, 108)",[],
RFC,100,gini,10,2,0.5,1,TRUE,,,,0.470442533,0.001235165,,,1598.418674,5,"(114321, 108)",[],
RFC,100,gini,10,1,0.5,1,TRUE,,,,0.470673967,0.001209137,,,1542.392978,5,"(114321, 108)",[],
RFC,100,gini,20,30,0.5,1,TRUE,,,,0.468702097,0.001082535,,,2542.644203,5,"(114321, 108)",[],
RFC,100,gini,20,20,0.5,1,TRUE,,,,0.46892085,0.001090369,,,2602.894846,5,"(114321, 108)",[],
RFC,100,gini,20,10,0.5,1,TRUE,,,,0.468860994,0.001086322,,,1936.165996,5,"(114321, 108)",[],
RFC,100,gini,20,5,0.5,1,TRUE,,,,0.469283907,0.001625133,,,1915.23655,5,"(114321, 108)",[],
RFC,100,gini,20,2,0.5,1,TRUE,,,,0.470247423,0.000761107,,,2645.233522,5,"(114321, 108)",[],
RFC,100,gini,20,1,0.5,1,TRUE,,,,0.470296876,0.001074405,,,2858.709085,5,"(114321, 108)",[],
RFC,100,gini,30,30,0.5,1,TRUE,,,,0.468874072,0.001071278,,,1357.336285,5,"(114321, 108)",[],
RFC,100,gini,30,20,0.5,1,TRUE,,,,0.469069643,0.000874396,,,1384.838038,5,"(114321, 108)",[],
RFC,100,gini,30,10,0.5,1,TRUE,,,,0.470508459,0.000493713,,,1582.878045,5,"(114321, 108)",[],
RFC,100,gini,30,5,0.5,1,TRUE,,,,0.472239644,0.001777069,,,2462.617754,5,"(114321, 108)",[],
RFC,100,gini,30,2,0.5,1,TRUE,,,,0.475300358,0.002953321,,,2367.461788,5,"(114321, 108)",[],
RFC,100,gini,30,1,0.5,1,TRUE,,,,0.477700119,0.002122158,,,1893.21995,5,"(114321, 108)",[],
RFC,100,gini,40,30,0.5,1,TRUE,,,,0.46890358,0.001020588,,,1244.01083,5,"(114321, 108)",[],
RFC,100,gini,40,20,0.5,1,TRUE,,,,0.468868795,0.000856431,,,1333.049913,5,"(114321, 108)",[],
RFC,100,gini,40,10,0.5,1,TRUE,,,,0.470628828,0.001597934,,,1485.59463,5,"(114321, 108)",[],
RFC,100,gini,40,5,0.5,1,TRUE,,,,0.472333798,0.000895822,,,1640.243601,5,"(114321, 108)",[],
RFC,100,gini,40,2,0.5,1,TRUE,,,,0.479650561,0.001490864,,,1823.89477,5,"(114321, 108)",[],
RFC,100,gini,40,1,0.5,1,TRUE,,,,0.487531177,0.003783567,,,1917.693981,5,"(114321, 108)",[],
RFC,100,gini,50,30,0.5,1,TRUE,,,,0.46890358,0.001020588,,,1238.921942,5,"(114321, 108)",[],
RFC,100,gini,50,20,0.5,1,TRUE,,,,0.46889122,0.000842623,,,1331.447817,5,"(114321, 108)",[],
RFC,100,gini,50,10,0.5,1,TRUE,,,,0.470151281,0.001701943,,,1487.484779,5,"(114321, 108)",[],
RFC,100,gini,50,5,0.5,1,TRUE,,,,0.471924628,0.001181046,,,1643.827715,5,"(114321, 108)",[],
RFC,100,gini,50,2,0.5,1,TRUE,,,,0.479417945,0.002309865,,,1825.694146,5,"(114321, 108)",[],
RFC,100,gini,50,1,0.5,1,TRUE,,,,0.487330959,0.003606317,,,1924.460524,5,"(114321, 108)",[],
RFC,100,gini,60,30,0.5,1,TRUE,,,,0.46890358,0.001020588,,,1234.282773,5,"(114321, 108)",[],
RFC,100,gini,60,20,0.5,1,TRUE,,,,0.46889122,0.000842623,,,1305.167426,5,"(114321, 108)",[],
RFC,100,gini,60,10,0.5,1,TRUE,,,,0.470150419,0.001710639,,,1483.219171,5,"(114321, 108)",[],
RFC,100,gini,60,5,0.5,1,TRUE,,,,0.472832847,0.001247841,,,1649.496504,5,"(114321, 108)",[],
RFC,100,gini,60,2,0.5,1,TRUE,,,,0.47835471,0.00252548,,,1942.528479,5,"(114321, 108)",[],
RFC,100,gini,60,1,0.5,1,TRUE,,,,0.489647928,0.005527766,,,2020.381709,5,"(114321, 109)",[],
RFC,100,entropy,10,30,0.5,1,TRUE,,,,0.469947853,0.001021792,,,1505.412359,5,"(114321, 108)",[],
RFC,100,entropy,10,20,0.5,1,TRUE,,,,0.469675603,0.001089195,,,1513.759442,5,"(114321, 108)",[],
RFC,100,entropy,10,10,0.5,1,TRUE,,,,0.469518123,0.001043165,,,1495.225332,5,"(114321, 108)",[],
RFC,100,entropy,10,5,0.5,1,TRUE,,,,0.469411179,0.001435323,,,1504.533723,5,"(114321, 108)",[],
RFC,100,entropy,10,2,0.5,1,TRUE,,,,0.469105761,0.001223354,,,1547.314286,5,"(114321, 108)",[],
RFC,100,entropy,20,30,0.5,1,TRUE,,,,0.468220341,0.001050546,,,1934.823495,5,"(114321, 108)",[],
RFC,100,entropy,20,20,0.5,1,TRUE,,,,0.467595846,0.001302748,,,2000.037216,5,"(114321, 108)",[],
RFC,100,entropy,20,10,0.5,1,TRUE,,,,0.46716956,0.00125091,,,2202.292892,5,"(114321, 108)",[],
RFC,100,entropy,20,5,0.5,1,TRUE,,,,0.466989996,0.001110905,,,2357.358655,5,"(114321, 108)",[],
RFC,100,entropy,20,2,0.5,1,TRUE,,,,0.46716854,0.001517287,,,2495.911587,5,"(114321, 108)",[],
RFC,100,entropy,30,30,0.5,1,TRUE,,,,0.467737799,0.001149064,,,2036.12483,5,"(114321, 108)",[],
RFC,100,entropy,30,20,0.5,1,TRUE,,,,0.467625267,0.001018512,,,2101.865232,5,"(114321, 108)",[],
RFC,100,entropy,30,10,0.5,1,TRUE,,,,0.467113372,0.001041404,,,2374.970586,5,"(114321, 108)",[],
RFC,100,entropy,30,5,0.5,1,TRUE,,,,0.46759096,0.001048641,,,3035.760262,5,"(114321, 108)",[],
RFC,100,entropy,30,2,0.5,1,TRUE,,,,0.47183541,0.003116469,,,3040.682714,5,"(114321, 108)",[],
RFC,100,entropy,40,30,0.5,1,TRUE,,,,0.467707931,0.001107668,,,1924.249775,5,"(114321, 108)",[],
RFC,100,entropy,40,20,0.5,1,TRUE,,,,0.467794367,0.001116342,,,3696.329561,5,"(114321, 108)",[],
RFC,100,entropy,40,10,0.5,1,TRUE,,,,0.467494686,0.001133989,,,3769.354042,5,"(114321, 108)",[],
RFC,100,entropy,40,5,0.5,1,TRUE,,,,0.468179663,0.001389591,,,4064.59455,5,"(114321, 108)",[],
RFR,50,mse,6,10,0.5,1,TRUE,,,,0.477749091,0.002424536,,,417.1071379,5,"(114321, 108)",[],
RFR,150,mse,10,20,0.5,1,TRUE,,,,0.470331688,0.002942923,,,2134.217522,5,"(114321, 108)",[],
RFR,150,mse,10,10,0.5,1,TRUE,,,,0.470369114,0.002927764,,,2280.959159,5,"(114321, 108)",[],
RFR,150,mse,10,5,0.5,1,TRUE,,,,0.470348742,0.00268949,,,2033.015373,5,"(114321, 108)",[],
RFR,150,mse,10,2,0.5,1,TRUE,,,,0.470328917,0.002614401,,,1759.81944,5,"(114321, 108)",[],
RFR,150,mse,20,20,0.5,1,TRUE,,,,0.468453248,0.002746081,,,2401.710014,5,"(114321, 108)",[],
RFR,150,mse,20,10,0.5,1,TRUE,,,,0.468609687,0.002872513,,,2247.212974,5,"(114321, 108)",[],
RFR,150,mse,20,5,0.5,1,TRUE,,,,0.46888474,0.002961928,,,2422.166627,5,"(114321, 108)",[],
RFR,150,mse,20,2,0.5,1,TRUE,,,,0.468939068,0.002804813,,,2560.700842,5,"(114321, 108)",[],
RFR,150,mse,30,20,0.5,1,TRUE,,,,0.468634515,0.002817468,,,2087.185089,5,"(114321, 108)",[],
RFR,150,mse,30,10,0.5,1,TRUE,,,,0.469151452,0.002763546,,,2313.204281,5,"(114321, 108)",[],
RFR,150,mse,30,5,0.5,1,TRUE,,,,0.470577593,0.001874048,,,2538.946315,5,"(114321, 108)",[],
RFR,150,mse,30,2,0.5,1,TRUE,,,,0.471671265,0.002736767,,,2798.516703,5,"(114321, 108)",[],
RFR,150,mse,40,20,0.5,1,TRUE,,,,0.468769104,0.002787034,,,2077.820652,5,"(114321, 108)",[],
RFR,150,mse,40,10,0.5,1,TRUE,,,,0.469166705,0.002765678,,,2312.41621,5,"(114321, 108)",[],
RFR,150,mse,40,5,0.5,1,TRUE,,,,0.470639627,0.002579147,,,2554.231497,5,"(114321, 108)",[],
RFR,150,mse,40,2,0.5,1,TRUE,,,,0.475580376,0.002496561,,,3930.371778,5,"(114321, 108)",[],
RFR,150,mse,50,20,0.5,1,TRUE,,,,0.468771712,0.002784858,,,2761.000489,5,"(114321, 108)",[],
RFR,150,mse,50,10,0.5,1,TRUE,,,,0.469416193,0.002445706,,,3652.905294,5,"(114321, 108)",[],
RFR,150,mse,50,5,0.5,1,TRUE,,,,0.471069913,0.002271457,,,3667.617006,5,"(114321, 108)",[],
RFR,150,mse,50,2,0.5,1,TRUE,,,,0.474562982,0.002046862,,,4053.236094,5,"(114321, 108)",[],
RFR,150,mse,60,20,0.5,1,TRUE,,,,0.468771999,0.00278461,,,3005.992756,5,"(114321, 108)",[],
RFR,150,mse,60,10,0.5,1,TRUE,,,,0.469422979,0.002437862,,,3311.284125,5,"(114321, 108)",[],
RFR,150,mse,60,5,0.5,1,TRUE,,,,0.471044271,0.002305983,,,4822.526813,5,"(114321, 108)",[],
RFR,150,mse,60,2,0.5,1,TRUE,,,,0.47452036,0.001517716,,,6785.273751,5,"(114321, 108)",[],
RFR,900,mse,20,20,0.5,1,TRUE,,,,0.46783494,0.002899398,,,28025.05814,5,"(114321, 108)",[],
ETC,100,gini,10,6,0.5,1,FALSE,,,,0.477099718,0.000756467,,,324.7545581,5,"(114321, 108)",[],
ETC,600,entropy,10,30,0.5,1,FALSE,,,,0.477918233,0.000721904,,,2398.52333,5,"(114321, 108)",[],
ETC,600,entropy,10,20,0.5,1,FALSE,,,,0.477460364,0.000728712,,,1569.695444,5,"(114321, 108)",[],
ETC,600,entropy,10,10,0.5,1,FALSE,,,,0.477173866,0.000730222,,,1964.565692,5,"(114321, 108)",[],
ETC,600,entropy,10,5,0.5,1,FALSE,,,,0.476948154,0.000870689,,,2698.236194,5,"(114321, 108)",[],
ETC,600,entropy,10,2,0.5,1,FALSE,,,,0.476683188,0.000870946,,,1581.325611,5,"(114321, 108)",[],
ETC,600,entropy,20,30,0.5,1,FALSE,,,,0.468697968,0.000881433,,,2371.946035,5,"(114321, 108)",[],
ETC,600,entropy,20,20,0.5,1,FALSE,,,,0.467183806,0.000955851,,,2545.043704,5,"(114321, 108)",[],
ETC,600,entropy,20,10,0.5,1,FALSE,,,,0.464970944,0.001075713,,,2777.789428,5,"(114321, 108)",[],
ETC,600,entropy,20,5,0.5,1,FALSE,,,,0.462850808,0.001141391,,,2983.961083,5,"(114321, 108)",[],
ETC,600,entropy,20,2,0.5,1,FALSE,,,,0.460953838,0.001406023,,,3130.472654,5,"(114321, 108)",[],
ETC,600,entropy,30,30,0.5,1,FALSE,,,,0.468568195,0.000861207,,,2432.972673,5,"(114321, 108)",[],
ETC,600,entropy,30,20,0.5,1,FALSE,,,,0.467057282,0.00102568,,,2623.187261,5,"(114321, 108)",[],
ETC,600,entropy,30,10,0.5,1,FALSE,,,,0.464504304,0.00110763,,,3449.000801,5,"(114321, 108)",[],
ETC,600,entropy,30,5,0.5,1,FALSE,,,,0.462134959,0.001270319,,,4106.109506,5,"(114321, 108)",[],
ETC,600,entropy,30,2,0.5,1,FALSE,,,,0.460268577,0.001623502,,,3841.029305,5,"(114321, 108)",[],
ETC,600,entropy,40,30,0.5,1,FALSE,,,,0.468572955,0.000863793,,,2612.950947,5,"(114321, 108)",[],
ETC,600,entropy,40,20,0.5,1,FALSE,,,,0.467032142,0.001028531,,,2775.786864,5,"(114321, 108)",[],
ETC,600,entropy,40,10,0.5,1,FALSE,,,,0.46461242,0.001195469,,,3560.271068,5,"(114321, 108)",[],
ETC,600,entropy,40,5,0.5,1,FALSE,,,,0.462035147,0.00128259,,,3421.836798,5,"(114321, 108)",[],
ETC,600,entropy,40,2,0.5,1,FALSE,,,,0.460400293,0.001399136,,,4162.667818,5,"(114321, 108)",[],
ETC,600,entropy,50,30,0.5,1,FALSE,,,,0.468572955,0.000863793,,,2769.794614,5,"(114321, 108)",[],
ETC,600,entropy,50,20,0.5,1,FALSE,,,,0.467032142,0.001028531,,,2736.224614,5,"(114321, 108)",[],
ETC,600,entropy,50,10,0.5,1,FALSE,,,,0.46459979,0.001191852,,,3367.454568,5,"(114321, 108)",[],
ETC,600,entropy,50,5,0.5,1,FALSE,,,,0.462050818,0.001323016,,,3468.337266,5,"(114321, 108)",[],
ETC,600,entropy,50,2,0.5,1,FALSE,,,,0.4604777,0.001198752,,,4206.705201,5,"(114321, 108)",[],
ETC,600,entropy,60,30,0.5,1,FALSE,,,,0.468572955,0.000863793,,,2809.693466,5,"(114321, 108)",[],
ETC,600,entropy,60,20,0.5,1,FALSE,,,,0.467032142,0.001028531,,,4557.410778,5,"(114321, 108)",[],
ETC,600,entropy,60,10,0.5,1,FALSE,,,,0.46459979,0.001191852,,,4711.896887,5,"(114321, 108)",[],
ETC,600,entropy,60,5,0.5,1,FALSE,,,,0.462055246,0.001318107,,,4715.429324,5,"(114321, 108)",[],
ETC,600,entropy,60,2,0.5,1,FALSE,,,,0.460443897,0.001191575,,,4664.443914,5,"(114321, 108)",[],
ETC,1200,gini,30,2,0.5,1,FALSE,,,,0.46143158,0.00160305,,,20862.43165,5,"(114321, 108)",[],
ETR,100,mse,10,6,0.5,1,FALSE,,,,0.477188421,0.0024578,,,261.4238629,5,"(114321, 108)",[],
ETR,600,mse,10,30,0.5,1,FALSE,,,,0.477876281,0.002598095,,,1522.510384,5,"(114321, 108)",[],
ETR,600,mse,10,20,0.5,1,FALSE,,,,0.477497284,0.002607157,,,1550.115353,5,"(114321, 108)",[],
ETR,600,mse,10,10,0.5,1,FALSE,,,,0.477115866,0.002508928,,,1667.594261,5,"(114321, 108)",[],
ETR,600,mse,10,5,0.5,1,FALSE,,,,0.476932444,0.002492922,,,3450.110989,5,"(114321, 108)",[],
ETR,600,mse,10,2,0.5,1,FALSE,,,,0.476601774,0.002649532,,,1805.514582,5,"(114321, 108)",[],
ETR,600,mse,20,30,0.5,1,FALSE,,,,0.469025817,0.002760184,,,2544.666898,5,"(114321, 108)",[],
ETR,600,mse,20,20,0.5,1,FALSE,,,,0.467659497,0.00268445,,,2612.897136,5,"(114321, 108)",[],
ETR,600,mse,20,10,0.5,1,FALSE,,,,0.465325525,0.002634407,,,2856.265164,5,"(114321, 108)",[],
ETR,600,mse,20,5,0.5,1,FALSE,,,,0.463421619,0.002420695,,,3020.607657,5,"(114321, 108)",[],
ETR,600,mse,20,2,0.5,1,FALSE,,,,0.461755623,0.002426742,,,3183.04941,5,"(114321, 108)",[],
ETR,600,mse,30,30,0.5,1,FALSE,,,,0.468907793,0.002750069,,,2512.120321,5,"(114321, 108)",[],
ETR,600,mse,30,20,0.5,1,FALSE,,,,0.467487083,0.002752139,,,4428.27422,5,"(114321, 108)",[],
ETR,600,mse,30,10,0.5,1,FALSE,,,,0.465047628,0.002828698,,,6315.13298,5,"(114321, 108)",[],
ETR,600,mse,30,5,0.5,1,FALSE,,,,0.462928355,0.00250305,,,3382.771799,5,"(114321, 108)",[],
ETR,600,mse,30,2,0.5,1,FALSE,,,,0.461881673,0.002369409,,,4011.26542,5,"(114321, 108)",[],
ETR,600,mse,40,30,0.5,1,FALSE,,,,0.468917579,0.002748944,,,2764.388684,5,"(114321, 108)",[],
ETR,600,mse,40,20,0.5,1,FALSE,,,,0.467455711,0.002745659,,,3007.126829,5,"(114321, 108)",[],
ETR,600,mse,40,10,0.5,1,FALSE,,,,0.465066623,0.002754231,,,5324.982976,5,"(114321, 108)",[],
ETR,600,mse,40,5,0.5,1,FALSE,,,,0.462986784,0.002493415,,,5794.617822,5,"(114321, 108)",[],
ETR,600,mse,40,2,0.5,1,FALSE,,,,0.461957538,0.002389094,,,7122.412229,5,"(114321, 108)",[],
ETC,500,gini,10,2,0.5,,FALSE,,0,0,0.461019068,0.003671249,0.436992528,0.000623597,359.1236241,10,"(50670, 27)",[],
ETC,500,gini,15,2,0.5,,FALSE,,0,0,0.450236666,0.004265261,0.337644256,0.000878343,525.9847341,10,"(50670, 27)",[],
ETC,500,gini,20,2,0.5,,FALSE,,0,0,0.448877782,0.004815847,0.213036354,0.001255561,617.252234,10,"(50670, 27)",[],
ETC,500,gini,25,2,0.5,,FALSE,,0,0,0.4501,0.005118833,0.135499181,0.000855975,650.4291921,10,"(50670, 27)",[],
ETC,500,entropy,15,2,0.5,,FALSE,,0,0,0.450012917,0.004282769,0.349034209,0.000755565,467.053679,10,"(50670, 27)",[],
ETC,500,entropy,20,2,0.5,,FALSE,,0,0,0.44774498,0.004563244,0.227497707,0.001712716,612.7978129,10,"(50670, 27)",[],
ETC,500,entropy,25,2,0.5,,FALSE,,0,0,0.448995332,0.005069685,0.140053339,0.001029496,654.118046,10,"(50670, 27)",[],
ETC,500,entropy,15,2,0.5,,FALSE,,0,0,0.447728441,0.004587995,0.343350968,0.001558879,492.9853489,10,"(50670, 27)",['bernoulli'],
ETC,500,entropy,20,2,0.5,,FALSE,,0,0,0.445682087,0.005686728,0.226633967,0.002419492,641.673429,10,"(50670, 27)",['bernoulli'],
ETC,500,entropy,25,2,0.5,,FALSE,,0,0,0.447285513,0.005542519,0.144359742,0.002267724,696.425395,10,"(50670, 27)",['bernoulli'],
ETC,500,entropy,15,2,0.5,,FALSE,,0,0,0.447291569,0.004528284,0.33576352,0.001140174,576.5482321,10,"(50670, 27)",['onehot'],
ETC,500,entropy,20,2,0.5,,FALSE,,0,0,0.445252706,0.005036588,0.211100473,0.000970433,721.434808,10,"(50670, 27)",['onehot'],
ETC,500,entropy,25,2,0.5,,FALSE,,0,0,0.446230083,0.005476108,0.127409081,0.000889121,774.8906579,10,"(50670, 27)",['onehot'],
ETC,500,entropy,15,2,0.5,,FALSE,,0,0,0.447058271,0.004526367,0.336604999,0.001241974,797.0070119,10,"(50670, 27)","['onehot', 'logit_feat']",
ETC,500,entropy,20,2,0.5,,FALSE,,0,0,0.445501142,0.005187076,0.214358275,0.001676066,939.810266,10,"(50670, 27)","['onehot', 'logit_feat']",
ETC,500,entropy,25,2,0.5,,FALSE,,0,0,0.447374628,0.005808725,0.130359504,0.001577096,1088.333429,10,"(50670, 27)","['onehot', 'logit_feat']",
ETC,500,entropy,15,2,0.5,,FALSE,,0,0,0.448981683,0.004250596,0.347878907,0.001185849,678.585943,10,"(50670, 27)",['onehot'],
ETC,500,entropy,20,2,0.5,,FALSE,,0,0,0.448325117,0.004880301,0.228307335,0.001780765,800.871784,10,"(50670, 27)",['onehot'],
ETC,500,entropy,25,2,0.5,,FALSE,,0,0,0.450454356,0.004913968,0.140710596,0.001333347,891.8899269,10,"(50670, 27)",['onehot'],
ETC,500,entropy,15,2,0.5,,FALSE,,0,0,0.447818319,0.004866683,0.335928577,0.001070691,1119.551307,10,"(50670, 27)","['onehot', 'logit_feat', 'bernoulli']",
ETC,500,entropy,20,2,0.5,,FALSE,,0,0,0.446891077,0.00546747,0.218500762,0.001636455,964.426806,10,"(50670, 27)","['onehot', 'logit_feat', 'bernoulli']",
ETC,500,entropy,25,2,0.5,,FALSE,,0,0,0.448649428,0.005686387,0.136572251,0.001440271,1120.616385,10,"(50670, 27)","['onehot', 'logit_feat', 'bernoulli']",
ETC,500,entropy,15,2,0.5,,FALSE,,0,0,0.447663034,0.004874138,0.337797181,0.001093464,622.6145649,10,"(50670, 27)","['logit_feat', 'bernoulli']",
ETC,500,entropy,20,2,0.5,,FALSE,,0,0,0.445643953,0.005321771,0.220296529,0.001791063,729.8134429,10,"(50670, 27)","['logit_feat', 'bernoulli']",
ETC,500,entropy,25,2,0.5,,FALSE,,0,0,0.446882789,0.006105596,0.137449942,0.001511556,954.3670959,10,"(50670, 27)","['logit_feat', 'bernoulli']",
ETC,500,entropy,15,2,0.5,,FALSE,,0,0,0.453451987,0.004957559,0.313762045,0.001032224,1370.403222,10,"(50670, 63)",[],degree=2
ETC,500,entropy,20,2,0.5,,FALSE,,0,0,0.457026149,0.005388772,0.18916897,0.001415319,1493.23179,10,"(50670, 63)",[],degree=2
ETC,500,entropy,25,2,0.5,,FALSE,,0,0,0.460705298,0.005549035,0.10775616,0.000798239,1636.168905,10,"(50670, 63)",[],degree=2
ETC,500,entropy,15,2,0.5,,FALSE,,0,0,0.452931825,0.004670723,0.315710702,0.000843379,1022.915675,10,"(50670, 55)",[],"degree=2,only interaction"
ETC,500,entropy,20,2,0.5,,FALSE,,0,0,0.456481383,0.005378467,0.190474485,0.001087874,1431.232554,10,"(50670, 55)",[],"degree=2,only interaction"
ETC,500,entropy,25,2,0.5,,FALSE,,0,0,0.459639267,0.005203926,0.109321602,0.00101896,2645.282996,10,"(50670, 55)",[],"degree=2,only interaction"
ETC,500,entropy,15,2,0.5,,FALSE,,0,0,0.449335323,0.004182598,0.348837686,0.000649592,1284.523794,10,"(50670, 27)",[],v50**0.125
ETC,500,entropy,20,2,0.5,,FALSE,,0,0,0.447527448,0.004642182,0.227797287,0.001063532,822.6649721,10,"(50670, 27)",[],v50**0.125
ETC,500,entropy,25,2,0.5,,FALSE,,0,0,0.448990617,0.005004502,0.140515382,0.001057861,1666.954665,10,"(50670, 27)",[],v50**0.125
ETC,500,entropy,15,2,0.5,,FALSE,,0,0,0.446579271,0.004791536,0.33655375,0.000781207,1238.084769,10,"(50670, 27)",['logit_feat'],v50**0.125
ETC,500,entropy,20,2,0.5,,FALSE,,0,0,0.44450675,0.005267961,0.212925274,0.0013799,1037.95019,10,"(50670, 27)",['logit_feat'],v50**0.125
ETC,500,entropy,25,2,0.5,,FALSE,,0,0,0.445506864,0.005603564,0.128401217,0.000932166,1175.632375,10,"(50670, 27)",['logit_feat'],v50**0.125
ETC,500,entropy,15,2,0.5,,FALSE,,0,0,0.446633421,0.00493002,0.337092992,0.001128329,2064.131948,10,"(50670, 27)","['onehot', 'logit_feat']",v50**0.125
ETC,500,entropy,20,2,0.5,,FALSE,,0,0,0.445150971,0.005140219,0.215731373,0.001189675,1610.015215,10,"(50670, 27)","['onehot', 'logit_feat']",v50**0.125
ETC,500,entropy,25,2,0.5,,FALSE,,0,0,0.446313014,0.005588697,0.13123371,0.001170077,1672.060115,10,"(50670, 27)","['onehot', 'logit_feat']",v50**0.125
ETC,500,entropy,15,2,0.5,,FALSE,,0,0,0.446290059,0.00490691,0.337772151,0.001028685,1073.585121,10,"(50670, 27)","['onehot', 'logit_feat']","v50**0.125, v10**0.25, v14**5, v34**0.25"
ETC,500,entropy,20,2,0.5,,FALSE,,0,0,0.444908665,0.005343952,0.216851235,0.001721322,998.0435679,10,"(50670, 27)","['onehot', 'logit_feat']","v50**0.125, v10**0.25, v14**5, v34**0.25"
ETC,3000,entropy,15,2,0.5,,FALSE,,0,0,0.446097655,0.004867254,0.337620316,0.000973389,5247.172683,10,"(50670, 27)","['onehot', 'logit_feat']",
ETC,3000,entropy,20,2,0.5,,FALSE,,0,0,0.444495636,0.005319646,0.216416946,0.001314562,5652.653694,10,"(50670, 27)","['onehot', 'logit_feat']",
ETC,3000,entropy,25,2,0.5,,FALSE,,0,0,0.445748202,0.005839027,0.131686517,0.001045602,8275.830681,10,"(50670, 27)","['onehot', 'logit_feat']",
ETC,500,entropy,19,2,0.5,,FALSE,,0,0,0.444794321,0.005332901,0.239896605,0.001324907,895.442878,10,"(50670, 27)","['onehot', 'logit_feat']","v50**0.125, v10**0.25, v14**5, v34**0.25"
ETC,500,entropy,21,2,0.5,,FALSE,,0,0,0.445176588,0.005405588,0.195716847,0.001491897,977.920846,10,"(50670, 27)","['onehot', 'logit_feat']","v50**0.125, v10**0.25, v14**5, v34**0.25"
ETC,500,entropy,18,2,0.5,,FALSE,,0,0,0.444759329,0.004970226,0.264361958,0.001439965,869.9202802,10,"(50670, 27)","['onehot', 'logit_feat']","v50**0.125, v10**0.25, v14**5, v34**0.25"
ETC,500,entropy,17,2,0.5,,FALSE,,0,0,0.444861845,0.00486882,0.288903933,0.001356972,847.384825,10,"(50670, 27)","['onehot', 'logit_feat']","v50**0.125, v10**0.25, v14**5, v34**0.25"
ETC,500,entropy,18,2,0.5,,FALSE,,0,0,0.44472179,0.005221319,0.263593674,0.001120797,949.1114519,10,"(50670, 27)","['onehot', 'logit_feat']",add v62log
ETC,500,entropy,18,2,0.5,,FALSE,,0,0,0.444929424,0.005255938,0.263387718,0.00117035,1686.112756,10,"(50670, 27)","['onehot', 'logit_feat']",add v129log
ETC,500,entropy,20,2,0.5,,FALSE,,0,0,0.444943811,0.00522482,0.2165405,0.001429681,928.6217189,10,"(50670, 27)","['onehot', 'logit_feat']",
ETC,500,entropy,20,2,0.06,,FALSE,,0,0,0.458066667,0.005110059,0.250750734,0.00088782,1650.27372,10,"(50670, 469)","['onehot', 'logit_feat']",polynomial&overfit
ETC,500,entropy,15,2,0.5,,FALSE,,0,0,0.44763,0.005406326,0.313350889,0.000968474,1127.693531,10,"(50670, 43)","['onehot', 'logit_feat', 'bernoulli']",divided features
ETC,500,entropy,18,2,0.5,,FALSE,,0,0,0.4487791,0.00570191,0.238099363,0.001265701,1659.220198,10,"(50670, 43)","['onehot', 'logit_feat', 'bernoulli']",divided features
ETC,500,entropy,13,2,0.5,,FALSE,,0,0,0.44784,0.005345096,0.361212016,0.000731712,1081.727993,10,"(50670, 43)","['onehot', 'logit_feat', 'bernoulli']",divided feeatures
ETC,500,entropy,18,2,0.5,,FALSE,,0,0,0.44587664,0.004958692,0.257370653,0.001181913,1033.901816,10,"(50670, 33)","['onehot', 'logit_feat']",
XGBC,900,binary:logistic,8,2,0.5,0.85,,0.0086,741.6,879,0.44909,0.005704016,0.3778832,0.004208138,1114.518807,10,"(50670, 33)","['onehot', 'logit_feat']",
XGBC,900,binary:logistic,11,2,0.5,0.85,,0.0086,619.4,786,0.449403467,0.005774564,0.308392402,0.007089464,1620.618024,10,"(50670, 33)","['onehot', 'logit_feat']",
ETC,500,entropy,20,2,0.01,,FALSE,,0,0,0.470919792,0.00454543,0.217236836,0.001311012,2763.331299,10,"(50670, 3000)",[],
ETC,500,entropy,20,2,0.5,,FALSE,,0,0,0.445652555,0.005059333,0.214057301,0.00163731,1218.591561,10,"(50670, 28)","['onehot', 'logit_feat']",
ETC,500,entropy,20,2,0.5,,FALSE,,0,0,0.445871072,0.005413093,0.222395644,0.002088995,806.9499571,10,"(50670, 28)",['bernoulli'],
ETC,500,entropy,20,2,0.5,,FALSE,,0,0,0.445501142,0.005187076,0.214358275,0.001676066,1206.000955,10,"(50670, 27)","['onehot', 'logit_feat']",
ETC,500,entropy,20,2,0.6,,FALSE,,0,0,0.445499291,0.005359157,0.203976395,0.001813496,1287.224442,10,"(50670, 27)","['onehot', 'logit_feat']",
ETC,500,entropy,20,2,0.55,,FALSE,,0,0,0.445503094,0.005063529,0.209030515,0.001694563,2348.585679,10,"(50670, 27)","['onehot', 'logit_feat']",
ETC,500,entropy,20,2,0.65,,FALSE,,0,0,0.445294967,0.005432217,0.198383065,0.001805643,1930.013819,10,"(50670, 27)","['onehot', 'logit_feat']",
ETC,500,entropy,20,2,0.7,,FALSE,,0,0,0.445840022,0.005433916,0.194121337,0.001602641,1500.490999,10,"(50670, 27)","['onehot', 'logit_feat']",
ETC,500,entropy,20,2,0.65,,FALSE,,0,0,0.445234125,0.005458904,0.200891902,0.001614695,1504.651736,10,"(50670, 27)","['onehot', 'logit_feat']",
ETC,500,entropy,20,2,0.5,,FALSE,,0,0,0.444654406,0.005380186,0.216299706,0.001466487,1093.530602,10,"(50670, 27)","['onehot', 'logit_feat']",add v62log
ETC,3000,entropy,20,2,0.65,,FALSE,,0,0,0.444839523,0.005549905,0.200755751,0.001332034,7669.191428,10,"(50670, 27)","['onehot', 'logit_feat']",add v62log
ETC,500,entropy,20,2,0.5,,FALSE,,0,0,0.450538174,0.005446056,0.191348256,0.000798255,1169.089326,10,"(50670, 45)",[],
XGBC,900,binary:logistic,8,2,0.5,0.85,,0.0086,636.6,785,0.450493315,0.005438445,0.374315165,0.005378474,2296.592942,10,"(50670, 87)",[],
XGBC,1800,binary:logistic,8,2,0.1,0.85,,0.008,736.1,1127,0.450726464,0.005269902,0.379079811,0.006648613,2486.70763,10,"(50670, 408)",[],
ETC,500,entropy,20,2,0.5,,FALSE,,0,0,0.44450675,0.005267961,0.212925274,0.0013799,914.1908019,10,"(50670, 27)",['logit_feat'],
ETC,500,entropy,20,2,0.5,,FALSE,,0,0,0.444594145,0.004998521,0.214052026,0.000812839,1046.33644,10,"(50670, 27)",['logit_feat'],
ETC,550,entropy,35,2,0.55,,FALSE,,0,0,0.460248533,0.001981423,0.075727167,0.000127719,4370.679379,5,"(114321, 99)",[],
ETC,1500,entropy,30,2,0.6,,FALSE,,0,0,0.457468419,0.001411222,0.084638403,0.000447407,14650.86524,5,"(114321, 121)",[],
ETC,600,entropy,30,2,0.55,,FALSE,,0,0,0.457478591,0.001306136,0.088348859,0.000462496,5315.381514,5,"(114321, 121)",[],"drop(8, 25, 46, 54, 63, 89, 107, 79, 75, 110)"
ETC,600,entropy,30,2,0.55,,FALSE,,0,0,0.457833804,0.001463929,0.088763449,0.000331323,4923.831775,5,"(114321, 118)",[],"drop(8, 25, 46, 54, 63, 89, 107, 79, 75, 110, v92, v100, v69)"
ETC,600,entropy,30,2,0.55,,FALSE,,0,0,0.457914369,0.001170533,0.102587519,0.000854428,7326.547321,5,"(114321, 118)",[],"drop(8, 25, 46, 54, 63, 89, 107, 79, 75, 110, v92, v100, v69)&scaled"
ETC,600,entropy,30,2,0.55,,FALSE,,0,0,0.457264335,0.001580649,0.089043015,0.000458338,5993.39839,5,"(114321, 121)",[],"drop(8, 25, 46, 54, 63, 89, 107, 79, 75, 110, v92, v100, v69),v50**0.125"
ETC,600,entropy,30,2,0.55,,FALSE,,0,0,0.45609993,0.00112733,0.083237088,0.000463616,9995.13822,5,"(114321, 121)",['logit_feat'],"drop(8, 25, 46, 54, 63, 89, 107, 79, 75, 110, v92, v100, v69),v50**0.125,logistic"
ETC,600,entropy,30,2,0.55,,FALSE,,0,0,0.456578855,0.001279067,0.083046275,0.000321676,9863.284736,5,"(114321, 121)",['logit_feat'],"drop(8, 25, 46, 54, 63, 89, 107, 79, 75, 110, v92, v100, v69),v50**0.125,log(v62+0.1)logistic"
ETC,600,entropy,33,2,0.55,,FALSE,,0,0,0.455717741,0.000853135,0.071116494,0.0002212,6477.779772,5,"(114321, 121)",['logit_feat'],"drop(8, 25, 46, 54, 63, 89, 107, 79, 75, 110, v92, v100, v69),v50**0.125,logistic"
ETC,5,entropy,2,1,0.1,,FALSE,,0,0,0.532483815,0.002183017,0.532104404,0.001906307,49.08369684,3,"(114321, 121)",[],
ETC,5,entropy,2,1,0.1,,FALSE,,0,0,0.532483815,0.002183017,0.532104404,0.001906307,49.34752512,3,"(114321, 121)",[],
ETC,5,entropy,2,1,0.1,,FALSE,,0,0,0.536720615,0.000136016,0.536643981,0.000201774,1.318578959,3,"(114321, 121)",[],
